user_id,degree,community_id,weighted_degree,pagerank
25073877,52,0,158.0,0.000526072741118353
964658316021587970,11,0,30.0,0.0008908049564750314
816736590412337158,4,0,16.0,0.0006527818885866397
282098746,15,1,33.0,0.0016104606454987157
7744592,8,1,19.0,0.0017653363321530101
236487888,20,1,53.0,0.000526072741118353
631816995,17,1,32.0,0.0009153988555078835
785287888833548289,17,13,32.0,0.0007762603430646986
818446043629101056,16,13,47.0,0.0032118820985592095
1083467443647979521,15,0,43.0,0.0016292117404506773
1505915954,18,0,60.0,0.0022416190968420264
992870137240764417,4,0,15.0,0.000889707962282392
2353605901,7,0,17.0,0.000526072741118353
4872993094,17,0,37.0,0.002378535961358684
2771588954,5,3,15.0,0.0009917717681086353
29270341,5,3,16.0,0.0025236157962026584
11134252,10,0,27.0,0.003018222595223821
2228878592,18,4,43.0,0.000526072741118353
1131542859902083072,3,4,10.0,0.000832957680600188
1196133331433394177,7,0,14.0,0.001309239326345214
259001548,10,0,20.0,0.0005317350678283805
2865907814,28,5,42.0,0.0005326510324432379
326098537,17,5,27.0,0.0006545765502775985
967797299391983616,16,13,27.0,0.0007892180978110806
729676086632656900,7,0,21.0,0.0045819180798580585
2540607781,5,6,11.0,0.000760648586005085
939091,88,6,141.0,0.011783327519908711
1073047860260814848,21,13,40.0,0.000526072741118353
839132575310430208,30,13,54.0,0.0025571872096389263
330553026,14,6,20.0,0.0007090111322028438
59862199,9,6,14.0,0.0019283356679483433
797127998164107264,4,13,14.0,0.0011183224037014943
34860936,20,13,55.0,0.007631706287151474
857472736725155844,13,13,37.0,0.0010788901959352633
2300454984,14,13,22.0,0.001564178178021514
900894056728940545,10,13,20.0,0.0006725940772445644
1172545640360022019,5,13,12.0,0.0010517326869923676
878980172342579200,5,13,11.0,0.0005799833114758792
1110304448868433920,7,13,19.0,0.0010092373397587822
936858992,2,0,7.0,0.0005681781660625422
3885806474,26,13,40.0,0.0014466261497542486
822215673812119553,7,0,11.0,0.002114143490617969
3353061012,7,0,21.0,0.0021035654758290103
849448663546040320,11,6,16.0,0.0007166870468599395
1086976130819809280,17,1,23.0,0.0006821441119087936
1434240264,17,6,23.0,0.0010263254873211882
1172589774235938816,4,4,8.0,0.000578087137640698
800570658929262592,23,6,34.0,0.000629659557504559
129264927,14,6,18.0,0.0012609737746680514
1000075108491382784,22,13,34.0,0.0018187119952123413
779742611628175360,6,13,13.0,0.000526072741118353
24970656,18,13,32.0,0.0006193321496667189
919667724535648262,3,13,6.0,0.0008658764578870638
817825066993860608,10,13,14.0,0.00151030445418447
967027984426242053,52,6,75.0,0.000526072741118353
357232722,14,6,19.0,0.0009023909509465551
1044296977859538944,3,3,7.0,0.0008070310882939595
1382330306,15,13,22.0,0.0017076069964339136
830886553123700736,2,13,8.0,0.000606887844030786
65497475,27,13,50.0,0.0028469657281145343
216776631,42,7,64.0,0.0008581917846018127
947964830358622209,3,7,6.0,0.000573131754086454
21563711,1,4,4.0,0.000567684258336229
1148756502934540289,4,7,7.0,0.0009947030790920352
3827654235,29,13,41.0,0.001327614768516183
22203756,4,0,8.0,0.001881366996371861
357606935,49,5,68.0,0.000526072741118353
437171587,19,5,22.0,0.0005873962625233381
954845161309253632,6,0,14.0,0.0008118166897059186
22307579,24,13,36.0,0.0013077816588289064
742736402102652929,17,1,21.0,0.0015497700916560098
752037810,16,6,19.0,0.0008208461178964568
2501984838,3,1,6.0,0.0009658800294043075
707253890299744256,16,0,26.0,0.0007582281362294775
41634520,3,0,7.0,0.0009497443523159513
962320061036933120,13,6,16.0,0.0011127595697435783
25202268,7,0,15.0,0.0021253812875192016
325164172,16,13,29.0,0.0005941052840963369
2500055300,10,4,16.0,0.0009040019496899115
1070785811396919297,12,0,18.0,0.0016372877040591466
134971995,15,9,20.0,0.001042474694894095
17919393,1,9,4.0,0.0007624159495575262
931286316,3,0,10.0,0.0010648623128020835
4751330773,19,5,22.0,0.001071246581822893
45592950,11,13,27.0,0.0015019585553663975
52416576,11,6,16.0,0.003469148668001533
774699551764525056,9,0,17.0,0.0016159428109841286
15731757,4,13,9.0,0.0010839200788275464
786179658,11,13,15.0,0.0006962313636587369
2323448533,6,1,10.0,0.0011742241693738153
754455561417089024,17,6,24.0,0.002931242587077126
20640982,32,6,40.0,0.0006378305174841263
17204460,7,6,9.0,0.0010077060083438752
895332348270661632,22,1,30.0,0.0010044867536839449
820352025271468032,15,6,18.0,0.0009450253591817325
63514682,2,6,4.0,0.0008690495697330648
3017400805,13,6,17.0,0.0008737268132019986
521996289,19,7,22.0,0.002118587094493982
18266688,11,0,15.0,0.000526072741118353
760293057929420803,3,0,6.0,0.0005289039044733667
2230551446,13,6,16.0,0.0007698649831735698
617266600,6,5,9.0,0.0006243853893790398
4771610420,4,5,7.0,0.0008966844008802969
1164013468854431744,3,4,5.0,0.0005572813790317599
949934436,17,6,19.0,0.000526072741118353
313037820,10,6,13.0,0.0018001410346522586
832102581111382016,16,6,18.0,0.0007670146942242773
3224321133,22,13,31.0,0.001057010855783162
14247236,8,1,10.0,0.001324628299391271
408875175,7,4,12.0,0.0005572813790317599
349115430,8,6,12.0,0.0007674343187032862
734768872625188864,16,6,19.0,0.0023841200944589684
21258337,3,4,6.0,0.0011469824034550226
1210594819497549825,12,13,18.0,0.0006087062354630866
15115280,22,13,27.0,0.0023261523400702035
3141672447,14,7,19.0,0.0009219500017668848
802584787,17,7,22.0,0.0019700646920884656
1127683471592296448,15,0,24.0,0.0006674865750509399
1139976128456617984,14,4,19.0,0.002137842918010981
817382752731463680,3,0,5.0,0.0010052536621049449
402888514,36,13,39.0,0.003554832423014746
454447505,11,0,13.0,0.0006389417868715664
3191478638,19,6,23.0,0.0009400638777570024
47471027,1,6,3.0,0.0007104519446600567
50124767,17,5,21.0,0.0008331914779031301
286476728,3,5,5.0,0.0023324086455094877
858136801537556480,11,7,13.0,0.002952785490707119
246590464,8,0,10.0,0.001498955685623872
4081106480,3,0,7.0,0.0015812437774712085
3074932775,13,13,18.0,0.0005576489749733542
803774148338188289,19,13,24.0,0.0022095200946133098
1009577803304656896,31,13,43.0,0.0031009214943342324
25436570,1,0,3.0,0.0005345662311833943
212391284,6,13,10.0,0.003117894741830355
1123329338,7,5,10.0,0.0005723690654625052
321774180,8,13,10.0,0.0013419926410785802
1164356807776702465,10,13,15.0,0.004306598626927358
864487498935787520,10,13,14.0,0.0019649996888198773
862435303881023488,7,13,9.0,0.004316223343754906
758859209614041088,5,7,8.0,0.0006524671239513979
838976832,4,7,6.0,0.0013582557761608323
23318036,5,6,8.0,0.0008464764945270836
755057200901398528,17,6,21.0,0.00600557778585392
2655144752,15,6,19.0,0.0014034050312705189
4560567675,12,13,19.0,0.0036473517985944307
402091536,10,13,12.0,0.0006803577765921191
454513795,7,0,9.0,0.0006905307333201559
996859430900727808,2,0,4.0,0.0024824776124045505
752248514,4,6,5.0,0.0005745466543820475
2176138431,21,6,22.0,0.0006404007334345795
111664523,4,6,5.0,0.000724993960665247
1169665468715716608,4,13,7.0,0.0005650748341269182
34916539,2,0,4.0,0.0005317350678283805
17642747,1,13,2.0,0.000526072741118353
738786290313920513,9,5,10.0,0.0007695194162918285
32517688,3,9,6.0,0.0011468232415342353
534630009,19,6,22.0,0.0014489376057289
1219807037304885249,14,13,16.0,0.0008844633652606937
1099701111416442880,15,13,17.0,0.0008806043882359164
485376798,16,5,17.0,0.0006305966795057156
91882544,3,0,5.0,0.0011683231667730643
43014978,9,13,13.0,0.000526072741118353
2918212191,14,7,18.0,0.001611395825476659
4917550806,16,7,21.0,0.0013441107754766945
1651208408,11,6,12.0,0.0006790148819022462
1612071392,14,5,15.0,0.000569969528443365
4165642155,6,0,10.0,0.0005624236330247726
3003886063,1,13,2.0,0.000526072741118353
2389738746,17,6,19.0,0.0007284316827096745
865602530574688257,16,1,20.0,0.0010542181692931468
63013144,10,13,13.0,0.0010768838578447764
467726691,30,6,35.0,0.0035516673967499954
477012156,48,6,52.0,0.0005320370585862486
888053122962149380,19,6,20.0,0.0008369845331149632
1049171,3,6,4.0,0.000526072741118353
2217145184,10,6,11.0,0.0008840536300630899
27952164,10,9,12.0,0.000617587019145211
14185317,2,9,3.0,0.0007275544600557965
534023,1,0,2.0,0.0007954675269602183
1640929196,6,13,12.0,0.0008073306772412737
27282113,12,13,13.0,0.0005846242004972595
846801440706351104,4,5,7.0,0.000526072741118353
138168339,4,5,5.0,0.000526072741118353
881564280180531200,11,5,12.0,0.002229856335575004
136550204,2,9,4.0,0.0010671294931048668
1214683688694427648,17,6,21.0,0.0012440313867304947
16475267,6,6,7.0,0.001799329809605822
918302785011093504,13,6,14.0,0.0005409074202294621
4459642286,15,6,19.0,0.0008541250382830062
366498596,3,3,4.0,0.000526072741118353
799111347111751680,1,0,2.0,0.0007059639044675711
975448388,8,5,9.0,0.0005326510324432379
7860902,6,5,7.0,0.0014864161224655559
809963614249619456,12,13,13.0,0.002414135292295578
831319111414210560,14,5,15.0,0.0041158670609392975
216065430,38,5,41.0,0.006458999080484249
2502938032,19,6,21.0,0.0038977204291055275
837420063351259140,10,13,12.0,0.0005781926932726647
36807657,9,13,14.0,0.001352218014068094
4482329417,1,13,2.0,0.0005650748341269182
1204026067855519744,6,13,7.0,0.0009098524780822336
14372270,5,7,6.0,0.001654508747674893
75063842,11,13,15.0,0.000526072741118353
399178595,9,6,10.0,0.000526072741118353
1122623265673891840,14,5,16.0,0.0008109823359457185
40735297,19,5,20.0,0.0018308990057580108
26642006,7,6,8.0,0.002227640199758449
940409602155282432,2,0,4.0,0.0007954675269602183
960285302899298304,1,0,2.0,0.0012029080329412538
3058713120,3,6,4.0,0.00084458437852193
1078457644736827392,23,6,28.0,0.0007114028569034114
27493883,27,6,30.0,0.0005956910060651893
978864793477054465,4,0,6.0,0.000526072741118353
2155027064,5,4,6.0,0.002201997987946641
30626499,10,6,11.0,0.0007199016225473769
4270724112,2,6,3.0,0.0007708919154805086
1649395076,11,6,14.0,0.0006402468183609251
29073978,16,5,17.0,0.0009122702937078948
1106501,8,5,9.0,0.0010358557618069994
715044396,1,0,2.0,0.0005317350678283805
753367570669903873,4,13,7.0,0.0007837523277024643
63218422,12,6,14.0,0.0006299418924932133
4486093643,3,13,4.0,0.0007463075017978865
26306441,4,13,5.0,0.0008036685820534319
829191420103766016,11,13,16.0,0.0006057406350443879
108977933,4,13,5.0,0.0007922756963315025
3383116294,23,13,25.0,0.000635202227399752
385162111,9,6,13.0,0.0008656707317586693
809586511331074048,7,6,8.0,0.0027221717042328407
16582131,10,6,13.0,0.0006300023154497815
1080807139,9,6,15.0,0.002610283325329463
34093672,14,6,16.0,0.0005727028595037182
778763106289758208,2,0,3.0,0.0006969523617651261
811215353183424513,18,6,19.0,0.0006351298286821985
2559436158,15,7,16.0,0.0013112198977638676
18320938,8,13,10.0,0.0011515655233647391
1075121162743676928,2,13,4.0,0.0007656740090196958
1078741623197048832,16,6,17.0,0.0006916757041565249
166329578,4,13,5.0,0.0008824081654488002
4870478255,17,6,19.0,0.0008979174135026703
2470055959,19,6,23.0,0.0006766272746032969
203649189,15,13,18.0,0.0006408983082020612
2574904722,11,13,14.0,0.0006777033217058813
884026348515115008,12,13,16.0,0.0019674056150367713
1523891821,3,6,4.0,0.0007799094091422733
389512058,1,0,2.0,0.0008691753443136854
38029205,6,13,7.0,0.0009262838282047866
727614725882662912,15,6,17.0,0.0018633249785428895
823992170768121857,18,6,20.0,0.0007941894359732465
885661050,6,7,8.0,0.000898842582861825
23554832,2,6,3.0,0.0006442790480510659
1685873604,9,13,12.0,0.0012654971779272296
27995424,1,0,2.0,0.0008691753443136854
1153872343275622402,4,13,5.0,0.0009280266525050406
3316346737,4,7,5.0,0.0006173879591257637
164679813,25,6,27.0,0.000526072741118353
2750799759,14,5,16.0,0.0006306138437549292
1001254470800424960,3,0,5.0,0.0005317350678283805
347627434,5,0,6.0,0.0008534329431676836
18509967,4,13,8.0,0.0008714341151961416
292565344,5,4,6.0,0.0016920369718346605
3981225735,2,0,3.0,0.0005919490336136965
1317738854,6,1,7.0,0.0006508127771059271
212445456,4,1,5.0,0.002071520971618702
727840825661661184,11,6,13.0,0.0005701053184507152
115129636,4,13,5.0,0.000679118414335864
162301746,4,0,6.0,0.0005587254918128445
1071931879538884608,4,4,5.0,0.0007951978503322338
341194704,4,0,6.0,0.000526072741118353
714949505720823808,14,0,15.0,0.0019023549419138256
1100182336132579329,5,7,6.0,0.000999583756081661
121965768,10,13,11.0,0.0006349197416955172
21059255,50,6,62.0,0.000526072741118353
818893114979061761,7,13,10.0,0.000526072741118353
828444718392627202,9,7,10.0,0.0029971766927813144
379690254,1,0,2.0,0.0005317350678283805
927751333247111168,2,6,3.0,0.0009056292629427926
61015562,3,0,4.0,0.0007982655776947885
964549422645424128,9,5,10.0,0.0038355563719763347
51241418,10,6,12.0,0.0010241243121799466
2178932921,3,13,5.0,0.0005495311762203007
27943005,15,13,18.0,0.0015922589176182692
19038210,16,13,17.0,0.0007597322453710418
15771723,21,7,23.0,0.0009204212420898582
755057897583804416,9,7,11.0,0.0012567103654891009
797932204168876032,18,6,20.0,0.002119270572863408
33537967,44,6,50.0,0.0010614800807240451
158414847,1,4,2.0,0.000546878499727291
15455253,2,0,3.0,0.000526072741118353
3530404094,1,0,2.0,0.0006671307744256483
739844197935644672,5,13,6.0,0.0008792430511330911
945012234215755776,6,7,9.0,0.0010317741908090422
2977031254,18,13,22.0,0.000526072741118353
804758133113397248,24,13,27.0,0.0013710843299609462
1121521087945162752,3,4,4.0,0.000526072741118353
353432348,4,4,5.0,0.0013585409034592814
1108472017144201216,4,0,5.0,0.0008711641518149519
483605396,10,13,11.0,0.0032487588405335013
1022225378054569984,4,7,6.0,0.0015282041388386541
1466174058,2,10,3.0,0.0005523645951642884
30288543,1,10,2.0,0.0009957465053634662
20800248,3,13,4.0,0.0007822912173810024
799010005655633922,1,1,2.0,0.0006327824692158407
471677441,14,1,17.0,0.0005345128130068845
829816396469194752,13,13,14.0,0.0007022033166578308
123281100,11,13,13.0,0.000526072741118353
1089233982422577152,11,7,12.0,0.0018008035353185767
1068285150641995776,4,7,7.0,0.0012367276266768705
3128563494,15,5,19.0,0.0011358868105216444
12354832,24,6,25.0,0.008914672876019266
4071896566,14,5,17.0,0.01259144504540676
1218605146462216193,11,6,12.0,0.0008093017062847619
2905369549,20,6,23.0,0.0010143142926565302
1286506538,16,6,18.0,0.0007022657878411138
158286198,3,0,5.0,0.0011324964282366091
796899745889402880,10,0,11.0,0.0007404072701592097
68752979,4,7,5.0,0.0007656878555607636
220863206,3,13,4.0,0.0006504440309041295
169472184,18,5,20.0,0.0013081200412552007
817158775610179584,5,0,7.0,0.0013688920576827425
934500442364559360,4,13,5.0,0.0005462765168464613
528999980,3,0,4.0,0.0008597674111456611
3188352661,8,6,10.0,0.002004624829076512
1034868411354861568,9,6,10.0,0.000653276724212334
930882041566068742,2,7,3.0,0.001814428054648721
1041718006747820032,1,6,2.0,0.0007714285961592333
824126001936474113,1,13,2.0,0.0006924089521927481
929072087880421376,3,0,4.0,0.0011966561891597208
72627916,1,11,2.0,0.000526072741118353
65728343,1,11,2.0,0.0009733965512105194
1106771843929788419,1,13,2.0,0.0007405135128748764
18534077,2,7,3.0,0.0007454535510054948
78685709,1,0,2.0,0.0005317350678283805
803091707361251328,9,6,10.0,0.0012678090182635278
468097166,16,6,19.0,0.0011289002779450307
832368258766434304,16,6,17.0,0.0006508552931018738
1127347059676385280,17,6,20.0,0.0009579695367828553
1383905040,17,6,21.0,0.0012400955321501478
896496644656685056,23,6,26.0,0.001581068783506785
3421301013,5,13,6.0,0.0007064520855369738
244655353,6,9,7.0,0.000526072741118353
851751855487148032,12,9,15.0,0.0012465158329351017
19080151,2,13,3.0,0.000526072741118353
797408396,13,6,14.0,0.000660795311394507
291336460,13,13,15.0,0.0009163588273052401
292083207,2,7,3.0,0.000526072741118353
880589099140296704,3,7,4.0,0.000836053367755156
281383605,16,5,17.0,0.0005547006117171238
21293089,5,5,6.0,0.0007397119129500089
326756275,4,7,5.0,0.001262924669377612
814979549503115264,15,0,22.0,0.00189099482788101
269913457,14,6,15.0,0.0010716535701708245
63996778,4,0,5.0,0.0005814377133941767
454099919,12,6,13.0,0.0005757801726320934
969269686130049025,19,6,20.0,0.0006904518083210916
80897255,10,13,11.0,0.0006454890793585765
292929271,5,0,9.0,0.0006198064354550749
14839147,1,0,2.0,0.000526072741118353
1148738277735895040,18,13,24.0,0.007530882949576253
61734492,4,13,5.0,0.000927087407749667
16740433,3,0,4.0,0.0005874498715111372
72076895,4,6,5.0,0.000526072741118353
766719206247108608,3,6,4.0,0.0008196301736783692
832170559,3,4,4.0,0.000546878499727291
926859582302928896,14,6,16.0,0.0007753070274350753
1091216816,1,0,2.0,0.0005891178702586827
1198635975251025924,16,7,17.0,0.0008679618301517761
15976705,5,13,7.0,0.0008584552881946875
779476491092434944,4,0,5.0,0.0006159767649714614
13900252,9,5,10.0,0.0008196742780680276
767444621383311360,15,6,16.0,0.001344992494753474
16959075,2,7,3.0,0.000526072741118353
845348489777332229,4,7,5.0,0.0019090978383982723
46512964,17,6,18.0,0.0007560313578553975
50769180,3,0,4.0,0.0005567613063147451
878247600096509952,2,0,3.0,0.000526072741118353
4900058284,34,6,35.0,0.000526072741118353
25645203,7,6,8.0,0.0006502468911046694
1056234954458193920,7,7,8.0,0.0005900781699854452
2936492047,2,7,3.0,0.0008455483515866634
829715365223682048,4,7,5.0,0.000526072741118353
4771249940,14,7,15.0,0.00411772942285399
2801177472,2,0,3.0,0.0007963723002134312
113364160,6,7,8.0,0.000526072741118353
810590628727914496,2,5,3.0,0.000526072741118353
172511244,4,0,5.0,0.000526072741118353
1095406392662323200,11,7,13.0,0.0007435218154687117
860654500431880192,5,6,6.0,0.0005405025414439069
279673090,2,7,3.0,0.0006524671239513979
1591400760,1,1,2.0,0.000526072741118353
45399148,4,1,5.0,0.000526072741118353
2986727763,3,7,4.0,0.0009562381704581492
7027112,5,13,7.0,0.0007153478811747903
21522338,3,7,4.0,0.0006844749280975912
388383447,15,7,18.0,0.002370861297371732
429227921,5,7,6.0,0.0005998453529521134
813738086282694656,3,6,4.0,0.000526072741118353
972180115252752384,3,6,4.0,0.0008157353189432968
26637348,8,4,9.0,0.000526072741118353
31403779,3,9,4.0,0.000526072741118353
49698134,4,9,5.0,0.000815364882492043
125453969,24,6,25.0,0.0005558943284578307
21495530,12,6,13.0,0.0007094182945886511
881998724720996353,5,7,6.0,0.000649773928903234
4541535439,4,6,5.0,0.000526072741118353
3345579826,20,5,21.0,0.0013238656515086615
235784044,14,6,15.0,0.0011807233179748403
3930472251,6,13,7.0,0.0005842287978514033
179732982,6,9,7.0,0.0007292602125285529
897607805334544388,2,0,3.0,0.0008700214953089127
1230524319102578688,3,13,6.0,0.003961356960002672
532774390,1,13,2.0,0.003723115083561422
489716862,4,13,5.0,0.000526072741118353
15770620,2,1,4.0,0.00072358982134885
246103,17,6,18.0,0.0005409074202294621
874323410,1,6,2.0,0.0005835628821183282
563712850,1,0,2.0,0.0005891178702586827
1080477288955826176,1,6,2.0,0.0007328292300746925
25837289,1,0,2.0,0.0008691753443136854
46775436,2,13,3.0,0.0005646398005973424
744313625398108160,2,13,3.0,0.000526072741118353
1225147380284018688,1,13,2.0,0.000526072741118353
160244947,19,6,20.0,0.0006120514467467427
2800581040,6,6,7.0,0.000526072741118353
2573480784,15,6,15.0,0.000526072741118353
2421067430,5,6,5.0,0.0005558943284578307
20068679,2,7,2.0,0.000526072741118353
864442399191420928,1,13,1.0,0.00058576382528083
812135885328236551,2,0,2.0,0.0008580926279973013
240760644,4,0,4.0,0.0017908087884037356
792096589191852033,4,0,4.0,0.000781257210734601
1001592024254971904,4,7,4.0,0.000526072741118353
230014111,8,7,8.0,0.0013112712654751628
703069812050829313,11,7,11.0,0.0012030591242790515
16664309,9,7,9.0,0.0006379036936413946
133081348,4,7,4.0,0.0009019582164998953
221609949,2,7,2.0,0.000526072741118353
22879254,6,6,6.0,0.0007968117554882509
3400444895,14,6,14.0,0.0010098809903877997
1159058331320901633,5,12,5.0,0.0009733965512105194
1036689453895610370,1,12,1.0,0.0007328655757361101
261852987,3,6,3.0,0.0006257418844049143
16912124,11,6,11.0,0.0007775765504717212
126901915,20,6,20.0,0.0007033327056084802
19084896,12,6,12.0,0.0006286189952686748
1218076646546333696,3,6,3.0,0.0012546166553894927
14270650,1,1,1.0,0.000526072741118353
742453163098296320,8,7,8.0,0.0014354180959357831
24127811,1,7,1.0,0.000526072741118353
823998756655861760,4,7,4.0,0.0005558943284578307
711408636153561088,12,6,12.0,0.0005349431027615664
1018697824282656768,3,6,3.0,0.0005326510324432379
25974425,1,6,1.0,0.000526072741118353
1098382485296173056,17,13,17.0,0.0008852979689228488
16581604,15,6,15.0,0.0006070925388668982
194071815,2,7,2.0,0.0007056894051647548
1586031511,1,5,1.0,0.000526072741118353
327862439,5,13,5.0,0.000526072741118353
234865212,3,6,3.0,0.0006155375031367863
818246053468262401,11,6,11.0,0.0005683610973004997
15879633,2,6,2.0,0.0005864768918067068
569526862,14,6,14.0,0.0006537607407038989
212657985,2,5,2.0,0.0006234003618440494
90803598,6,7,6.0,0.001979006395579947
811514954159443968,3,7,3.0,0.0009627124037673966
2674458072,6,7,6.0,0.000526072741118353
21862217,15,7,15.0,0.000526072741118353
2833177377,6,6,6.0,0.0006635632091428663
626455898,3,6,3.0,0.000526072741118353
3296142256,5,6,5.0,0.0007900749168579678
78231411,14,6,14.0,0.0005998453529521134
297632458,2,5,2.0,0.0005593659095330311
2457340711,2,7,2.0,0.0005558943284578307
98992586,3,7,3.0,0.0005757753866841493
21612122,8,6,8.0,0.0008772137346160379
23834525,2,5,2.0,0.0005496160995442565
828073846011949056,10,6,10.0,0.0010630867179576913
761167885720956929,3,7,3.0,0.000526072741118353
2192887524,5,7,5.0,0.0008168332176782614
40907388,4,7,4.0,0.000526072741118353
21348880,2,0,2.0,0.000752230575041919
260423814,14,5,14.0,0.000668699880545502
39308549,1,0,1.0,0.000526072741118353
1182346921920348161,2,6,2.0,0.000526072741118353
63227112,4,5,4.0,0.000592181540515102
16497947,2,5,2.0,0.000526072741118353
818870559069048833,13,6,13.0,0.001324286291403944
896536097655853059,5,6,5.0,0.0008944816563821883
38979357,7,6,7.0,0.000526072741118353
798918201107251201,5,6,5.0,0.000526072741118353
17717593,1,6,1.0,0.000526072741118353
14529929,1,13,1.0,0.0006155375031367863
328756439,9,6,9.0,0.001958745604524258
242849343,14,6,14.0,0.000757357411487219
816652616625168388,3,0,3.0,0.000526072741118353
449018696,1,0,1.0,0.000526072741118353
21950364,6,6,6.0,0.000526072741118353
16721452,3,6,3.0,0.0007667425242659043
824320363257413633,8,6,8.0,0.0006502386644427942
17847906,1,6,1.0,0.0006399698343642118
398959876,14,6,14.0,0.0006919821899706944
457743272,9,6,9.0,0.0007859923543569714
226222147,19,6,19.0,0.000526072741118353
33913156,1,6,1.0,0.0005455516661629764
850543150909333505,3,7,3.0,0.0006389725781006717
851335608702189568,5,7,5.0,0.0016464689049185707
208828684,3,5,3.0,0.000648668698937995
351120282,2,14,2.0,0.000526072741118353
22799251,1,14,1.0,0.0007497346461644364
1099802447973773312,24,5,24.0,0.0009261052707170336
16076032,4,7,4.0,0.000526072741118353
766355890689675264,4,6,4.0,0.0006232307347436267
1067293117,2,7,2.0,0.000526072741118353
3257227629,2,7,2.0,0.000526072741118353
376453771,3,0,3.0,0.000526072741118353
142386580,3,7,3.0,0.0009398130816164439
2249531,2,6,2.0,0.0005982221772236848
204444440,4,0,4.0,0.000894012111874233
971796616213561344,1,0,1.0,0.0005567613063147451
86129724,2,13,2.0,0.000598083853090198
758729592672653312,1,0,1.0,0.0005289039044733667
106711386,1,14,1.0,0.0007497346461644364
1136709465082945538,1,0,1.0,0.000526072741118353
731649894805463040,6,0,6.0,0.000526072741118353
2852597261,2,0,2.0,0.0007430765771769758
23903580,11,7,11.0,0.0012328203069734641
16106584,2,4,2.0,0.0006006267094670474
96675300,2,6,2.0,0.0006910849724087939
27187343,3,7,3.0,0.0006958317050297631
30706364,2,7,2.0,0.000526072741118353
1137033067128926214,1,6,1.0,0.000526072741118353
830159625093783552,3,6,3.0,0.0009733965512105194
94076386,3,7,3.0,0.0005558943284578307
111216929,1,7,1.0,0.000526072741118353
170641465,4,7,4.0,0.0007367115908434353
2300480005,6,7,6.0,0.0006379036936413946
1062510213918449664,3,3,3.0,0.000581458404844396
24258355,2,7,2.0,0.0005720903827923518
818927131883356161,2,0,2.0,0.0005289039044733667
864663235923820545,4,5,4.0,0.000526072741118353
1148461061999194112,3,7,3.0,0.0005378374943603784
1026549584963747846,2,7,2.0,0.000526072741118353
734783792502575105,2,6,2.0,0.0007098477599185192
21908201,4,6,4.0,0.0007969758141433596
2861436041,5,6,5.0,0.000526072741118353
1184593454485200897,16,6,16.0,0.0009954306746726533
21001599,11,6,11.0,0.000526072741118353
3041768317,6,5,6.0,0.0005371193216831472
1654453249,2,6,2.0,0.0007483378422245563
47379354,4,6,4.0,0.0005486356029954825
16523905,2,0,2.0,0.0008633235466778408
14278608,3,5,3.0,0.0005779197000987456
44774107,1,0,1.0,0.000593968640479587
2199541,3,13,3.0,0.0005657790907149075
586749256,2,5,2.0,0.0006431687645023808
1121492192235806721,2,5,2.0,0.0005701275968948919
2805934129,1,5,1.0,0.0010108179033690532
14702822,1,5,1.0,0.000606425173909315
187429137,2,1,2.0,0.0005920734138972136
753623149929869312,5,7,5.0,0.0014916089207391617
24578794,3,6,3.0,0.000526072741118353
68672927,15,6,15.0,0.000765684975716068
2420848054,1,6,1.0,0.0005904471906462108
14820509,4,6,4.0,0.0007581747180529677
1073777869791191040,4,6,4.0,0.0007417889201263765
4476084275,13,6,13.0,0.0007195108317682903
755835576,1,6,1.0,0.0006325939604819288
20866038,2,6,2.0,0.000526072741118353
259863564,8,5,8.0,0.0008895733249124186
1101626341,7,5,7.0,0.0008896468421678576
1082197856,1,0,1.0,0.000526072741118353
14542977,2,5,2.0,0.000526072741118353
1042951616,12,6,12.0,0.0013250428249731896
101816065,1,5,1.0,0.000606425173909315
393469195,2,0,2.0,0.000526072741118353
759201588594499584,1,0,1.0,0.000526072741118353
1659267216,2,0,2.0,0.0010633005750636277
14966163,1,7,1.0,0.000526072741118353
971051135996964864,1,6,1.0,0.000526072741118353
631310817,2,6,2.0,0.0007143584229406571
14828860,4,0,4.0,0.000526072741118353
16930125,4,6,4.0,0.0008258476372460441
1866938882,3,13,3.0,0.000526072741118353
1099059530132946945,5,6,5.0,0.001657855532757475
1049530141565698049,3,7,3.0,0.0015766185640059822
426028646,5,6,5.0,0.0012166724912538542
14619600,4,5,4.0,0.0010838170054191176
2567365058,3,3,3.0,0.000526072741118353
713839291210792960,1,6,1.0,0.0005332876412811299
2298722492,1,0,1.0,0.0006607701340392857
959285851875196928,2,0,2.0,0.0006127710543554171
26346508,2,9,2.0,0.000526072741118353
1219799093024657408,1,0,1.0,0.0007758286811261304
200534193,3,7,3.0,0.000668240168355536
375691728,10,5,10.0,0.0017008098760897335
309469811,1,0,1.0,0.0007758286811261304
476193064,2,7,2.0,0.0008588758734876108
19682187,21,5,21.0,0.0015752909812175875
4884213678,10,5,10.0,0.0005372558363706571
22799750,2,6,2.0,0.0007129304688676837
827546290221367297,2,7,2.0,0.0006096987611847787
49303023,4,6,4.0,0.0006448436145389902
1221462414744596483,1,6,1.0,0.000526072741118353
601148702,6,6,6.0,0.0005822580106192877
10292132,2,0,2.0,0.000526072741118353
2347323266,7,13,7.0,0.0006155375031367863
65045121,2,7,2.0,0.0018055785421175988
4483083621,2,7,2.0,0.000675180677815742
16873455,6,6,6.0,0.0011679654015628322
826226272418283520,1,6,1.0,0.000526072741118353
17243913,3,6,3.0,0.000526072741118353
848390172450443270,4,7,4.0,0.000526072741118353
88802201,4,7,4.0,0.0011562463470144687
1549651490,12,6,12.0,0.0008872851598096467
3103213542,8,6,8.0,0.000555580417012152
893316758987128833,2,13,2.0,0.000526072741118353
3430882365,8,7,8.0,0.0006116101061941388
18464266,5,7,5.0,0.0005558943284578307
2535367145,6,7,6.0,0.0006938191699029153
155933135,10,5,10.0,0.0007752487279895596
359080538,1,6,1.0,0.0006155375031367863
130557513,3,7,3.0,0.0009019260433344015
1228353000390975489,2,0,2.0,0.0007736460448234137
2324708472,3,13,3.0,0.0005619046059247481
271932229,1,5,1.0,0.0005777508922943733
23022687,1,0,1.0,0.0007382713551868276
188945540,11,7,11.0,0.001152051749443984
391488297,1,6,1.0,0.0010226883365097045
615765636,12,5,12.0,0.0008058121310754308
44215023,1,5,1.0,0.0006495676861289838
2863996955,2,1,2.0,0.000756451222664326
3690888203,3,7,3.0,0.0006836217340019388
1060487274,1,0,1.0,0.0006207048855446117
15970820,3,7,3.0,0.0025074078837606967
20182089,1,13,1.0,0.0006092408466555506
246500501,2,4,2.0,0.000526072741118353
1166889294801395718,7,7,7.0,0.0005326510324432379
14895030,1,0,1.0,0.000526072741118353
4813986674,1,6,1.0,0.0006122290189781313
834081571493785600,4,6,4.0,0.0010364825987115912
2747374096,2,7,2.0,0.0007219240445214443
323599188,2,7,2.0,0.0011859446858679846
1206356911,2,7,2.0,0.0005558943284578307
4432916014,8,7,8.0,0.0017417239070624362
298109087,1,1,1.0,0.0005855680668246527
1090642487268524032,2,13,2.0,0.0006518314641986518
22084427,8,7,8.0,0.003024671815355639
20094409,8,6,8.0,0.0020886675806419453
3000889809,4,13,4.0,0.0015746842546033794
48144950,2,6,2.0,0.0006782963114538121
329115426,3,7,3.0,0.001266366173529717
15212187,2,0,2.0,0.0011209709458064403
1450298610,1,7,1.0,0.0005720903827923518
1154192584635551744,6,5,6.0,0.0013563514523250995
751283435382067202,4,6,4.0,0.0015311794654845727
825829081866436608,3,6,3.0,0.0007191817497691298
536904693,8,6,8.0,0.0019339086936163436
174751002,1,0,1.0,0.0007382713551868276
1151933252,11,13,11.0,0.001456935402193424
1129095209772552192,4,6,4.0,0.0015853705658111293
76837768,21,7,21.0,0.0023188724766438585
473448810,3,7,3.0,0.000526072741118353
2800444856,2,4,2.0,0.000526072741118353
17050431,4,7,4.0,0.0015244782774350197
17685258,1,0,1.0,0.000526072741118353
15220768,25,6,25.0,0.003283482808095468
370519648,7,1,7.0,0.0008883412731187513
45122898,3,7,3.0,0.0010291622784922166
492833134,3,0,3.0,0.0005567613063147451
4710708974,1,0,1.0,0.000526072741118353
759511663116709888,12,3,12.0,0.0007902469220456715
419849905,3,7,3.0,0.0006836217340019388
825518870421180416,9,6,9.0,0.0012186357224143137
519072324,2,7,2.0,0.000526072741118353
466519303,3,7,3.0,0.0006782963114538121
1093619068148559872,13,6,13.0,0.0015361898127870819
435331179,17,7,17.0,0.002998941866712937
143169070,2,0,2.0,0.0008164234993705405
40353407,1,13,1.0,0.0005988901548482303
1651522832,2,13,2.0,0.000526072741118353
25387735,4,5,4.0,0.0006799628042741723
255812611,1,6,1.0,0.0006345466266967875
2908170952,1,0,1.0,0.0005575953056885178
1218623947434024960,1,0,1.0,0.000593968640479587
362028861,1,4,1.0,0.0006899034502335273
39245720,4,7,4.0,0.0014510886099134406
1234319262048714752,1,0,1.0,0.0007485276000093067
72664580,2,1,2.0,0.0007310064111692722
3589010426,2,13,2.0,0.0006126838667520678
1130823729574010880,2,4,2.0,0.0007855901847583725
33235771,4,5,4.0,0.0007265178665462684
246357149,1,6,1.0,0.0006085888761083208
47455112,2,7,2.0,0.000526072741118353
1880725393,1,7,1.0,0.0005378374943603784
49034507,1,0,1.0,0.0007485276000093067
28901450,2,7,2.0,0.0026318486559620945
818948638890217473,3,0,3.0,0.0006246572056759789
592730371,2,0,2.0,0.0011958514101014731
1360615250,1,0,1.0,0.000526072741118353
1732089247,3,0,3.0,0.0011011348536546454
827934520112472065,1,15,1.0,0.000526072741118353
93429412,1,15,1.0,0.0009733965512105194
716750760734822400,2,13,2.0,0.0006586919698128475
52701308,1,6,1.0,0.0006120514467467427
1208321980027547649,1,7,1.0,0.0008731850928875662
2717961126,7,6,7.0,0.0019198449400789578
110466097,2,13,2.0,0.0006537077612779956
34785922,4,6,4.0,0.0009217482669958493
52631277,4,13,4.0,0.0007980594488145557
815708250217840640,2,6,2.0,0.0020397525438364144
2985335882,1,0,1.0,0.0005289039044733667
1111636173099663360,15,6,15.0,0.0017675600306416592
276688330,1,5,1.0,0.0005658189599845584
455684839,6,13,6.0,0.0008941550456802369
1073588049588772864,2,0,2.0,0.0006567814181483278
4866651125,2,7,2.0,0.0005720903827923518
823558302290341888,2,13,2.0,0.0006411851200710239
568412239,4,7,4.0,0.0014150996699171018
55080227,2,4,2.0,0.000526072741118353
21891609,3,4,3.0,0.000835100585697084
237845487,8,5,8.0,0.0014658184842863454
1060004673405489152,6,4,6.0,0.0009540303803588644
23314049,8,5,8.0,0.001153882374359837
14660096,4,6,4.0,0.0011477715858094206
329433192,5,6,5.0,0.0013210503611156632
713899036030345216,2,4,2.0,0.000526072741118353
963223121363861504,8,6,8.0,0.0012511408691639019
202952121,2,0,2.0,0.0005890835648496938
771152516,6,7,6.0,0.000882350277340224
1018720749929066497,1,12,1.0,0.0007328655757361101
207325070,3,5,3.0,0.0010430081923317317
189376144,7,7,7.0,0.0022252546810504277
120668752,2,4,2.0,0.0007497346461644364
1193004107759529986,4,13,4.0,0.0006122736654476571
44177383,11,5,11.0,0.0012914173193785158
1043517152278372353,2,13,2.0,0.0010028032863962225
2316383071,1,5,1.0,0.0005748090933779999
2382106993,6,6,6.0,0.0012811972258707771
823313834622468096,1,13,1.0,0.0006013199638759481
20744708,14,5,14.0,0.002958535734171473
1648203012,5,13,5.0,0.0010314912485264714
892219807,3,5,3.0,0.0010966981517238931
20178419,7,5,7.0,0.0019899193018006614
14551462,4,7,4.0,0.0005558943284578307
836408868355846145,1,7,1.0,0.0006836217340019388
246939630,8,5,8.0,0.0009909861755774412
58579942,2,0,2.0,0.0009461383162012484
37190937,1,4,1.0,0.0007855901847583725
313663341,12,7,12.0,0.0029000001673517148
40028863,15,6,15.0,0.003826887490719729
242883110,1,6,1.0,0.0005608527437821296
16002085,2,6,2.0,0.0008604906994442881
57039392,1,7,1.0,0.0017289078555689586
35516339,3,7,3.0,0.000813817158119018
16113072,1,5,1.0,0.0005850850259727073
21635593,2,7,2.0,0.0006557164028587774
223166587,1,5,1.0,0.0005748111354012713
493714995,5,5,5.0,0.0006970773306375572
18018355,1,6,1.0,0.0005496160995442565
1383272101,4,5,4.0,0.001080284997321922
15138822,8,5,8.0,0.002962595120759845
34556109,1,5,1.0,0.000526072741118353
926620369,3,6,3.0,0.0009642075605683198
349803020,12,6,12.0,0.0019486993478807595
62986634,6,4,6.0,0.0016609016559070234
2845756735,5,5,5.0,0.0017822497806646877
3836008983,2,0,2.0,0.0005587254918128445
26900055,1,0,1.0,0.0008738023020139858
965231053119148032,3,5,3.0,0.0011261143954108069
889543524055691264,1,0,1.0,0.0005289039044733667
927705228,7,13,7.0,0.001149096055219033
1086663039095578624,1,6,1.0,0.0005747568214799322
15576928,7,5,7.0,0.0013179797065733098
213088974,1,5,1.0,0.000596552935320656
4686170306,1,4,1.0,0.0011633203153999505
850411759190106112,1,0,1.0,0.0005289039044733667
801549353227841536,2,13,2.0,0.0006013199638759481
794962652556443649,4,7,4.0,0.0012420688781929685
4560982642,2,5,2.0,0.000932517822509576
22843167,2,5,2.0,0.0007672238482362807
17434625,1,5,1.0,0.001623800875930083
774407512598704128,10,6,10.0,0.0013044221040040686
387980164,2,4,2.0,0.001490973752898837
465046121,28,5,28.0,0.0073366005612073605
817440474428542976,4,13,4.0,0.0007110068284434732
33662614,5,6,5.0,0.0010812792457758188
14683257,5,5,5.0,0.001912936169142392
72198806,12,6,12.0,0.00219116152772314
461720085,2,5,2.0,0.0007273039720136344
35475290,2,6,2.0,0.0009170967417957282
795789,1,5,1.0,0.0006456892508834086
2329697455,1,7,1.0,0.0006735143994269128
880485091969052673,2,4,2.0,0.0008744401345667056
16072058,2,5,2.0,0.0006597800379580586
800942537083068416,6,5,6.0,0.0012861697661134457
26657119,2,13,2.0,0.0009083956795752476
16116288,1,6,1.0,0.000526072741118353
14962779,2,6,2.0,0.0010767747956886892
15858853,2,5,2.0,0.0006174136569639546
1047214868473008129,5,7,5.0,0.0018582223637350786
4282171,5,6,5.0,0.0011018162758973033
2315698776,1,0,1.0,0.0008738023020139858
16370091,6,7,6.0,0.002948034979767618
3194695945,2,6,2.0,0.0006408873396809981
25085537,1,5,1.0,0.0008531170619099848
302083418,3,5,3.0,0.0006420629655947157
165511377,3,5,3.0,0.0010483331810248234
833490683503722496,13,5,13.0,0.004127060973028062
1434535430,1,13,1.0,0.0005524645570471222
15007149,13,6,13.0,0.005589086864188812
378295286,1,4,1.0,0.000526072741118353
1332630685,2,4,2.0,0.0009733965512105194
4899354976,1,0,1.0,0.000675180677815742
460233029,4,7,4.0,0.0022011219814831026
63262233,6,5,6.0,0.0029893113653926898
89257543,1,5,1.0,0.0005675168207942766
3090444435,2,13,2.0,0.0006510185511616766
50669520,2,5,2.0,0.0006291398817492462
534675241,3,7,3.0,0.00255573665231566
20736218,3,5,3.0,0.0006456892508834086
801468014285754368,1,6,1.0,0.0005486356029954825
3018812896,6,13,6.0,0.0011020944313551019
548384458,1,13,1.0,0.0006825593420450807
24931027,1,13,1.0,0.0006092408466555506
15162136,1,5,1.0,0.000526072741118353
13696,5,5,5.0,0.0033460489603609487
3432209199,1,4,1.0,0.0007963257249299319
901063185305882624,3,0,3.0,0.0007784398614860953
18156757,5,5,5.0,0.0016723724181865614
124763921,5,7,5.0,0.0021631244313104828
15808765,16,6,16.0,0.002271642065852412
1029833847637245952,5,6,5.0,0.0019003621365361178
196791424,1,7,1.0,0.000526072741118353
30354991,29,6,29.0,0.00708305151547331
234186830,7,5,7.0,0.004472426097438778
1210398164878024704,1,4,1.0,0.0005787199411677064
188793260,3,7,3.0,0.0012754652967575636
142490217,7,5,7.0,0.0014085870557692213
150078976,27,6,27.0,0.00424694177651268
820705814906339328,1,7,1.0,0.0010643888246763104
2169559673,6,6,6.0,0.005589490782334434
123655512,1,7,1.0,0.0013474010754715958
299273962,2,5,2.0,0.0011301270527276552
9589252,2,5,2.0,0.0006909236770009952
163296200,1,5,1.0,0.000526072741118353
15554922,4,1,4.0,0.0025814672818894107
800463336630403072,4,6,4.0,0.0016415261151956021
59130623,4,5,4.0,0.0009441466764467776
269448653,1,5,1.0,0.0005910922209643619
30395567,1,6,1.0,0.000526072741118353
817523233859637249,1,9,1.0,0.0005851585432281464
1159585651110666246,2,5,2.0,0.0008708695000715346
260759782,7,5,7.0,0.0028186883474501513
4735385897,3,4,3.0,0.0009578593230187696
842566801582178306,6,7,6.0,0.002548619773929982
229552128,1,7,1.0,0.0006442344857810424
19553409,1,4,1.0,0.0007963257249299319
1136317807954731014,3,7,3.0,0.0014978074748676611
171598736,2,6,2.0,0.0005749879750782809
18247062,1,0,1.0,0.0005575953056885178
17949565,3,7,3.0,0.0011756163079690136
1108416564238258176,1,6,1.0,0.0007146152671725545
31058145,5,5,5.0,0.006520966941296156
181195680,2,6,2.0,0.001840041279907836
60919240,1,6,1.0,0.0006431687645023808
729874563073445888,3,4,3.0,0.0015846803839844692
1129795903852875776,1,7,1.0,0.000882259236570819
20388490,2,9,2.0,0.000696989495751188
1096797880583667713,3,6,3.0,0.0007766000590976765
1055070224305807361,3,7,3.0,0.0015044501155502552
14296273,2,7,2.0,0.0008708876222190735
2314055840,10,5,10.0,0.007674455391549732
154136730,4,5,4.0,0.0031702109274048033
112764405,1,5,1.0,0.000576830518707424
226253646,3,13,3.0,0.0008013008087281363
260449211,2,5,2.0,0.0006923159861702331
71028123,4,6,4.0,0.0017513361873206824
1109276714864205824,2,13,2.0,0.0006181527688872406
741977462028926976,1,8,1.0,0.000526072741118353
14344823,1,8,1.0,0.0009733965512105194
39469575,1,7,1.0,0.0005998453529521134
826882538467647488,1,13,1.0,0.000598083853090198
1471293368,1,5,1.0,0.000526072741118353
17442048,3,6,3.0,0.0007115405384067049
19362341,1,2,1.0,0.000526072741118353
1144598168757293056,1,2,1.0,0.0009733965512105194
1332887239,1,7,1.0,0.000612750731645016
18028893,4,5,4.0,0.0009767390033010765
1074129612,3,6,3.0,0.0011023130112840652
963790885937995777,2,3,2.0,0.0006742946506724727
1093774442264707072,1,0,1.0,0.000526072741118353
18646108,2,0,2.0,0.0012411050760866896
108710418,4,6,4.0,0.0009622373402257596
212674482,1,5,1.0,0.0005623522560493195
878403801987727360,5,7,5.0,0.003676985391545267
2490427410,1,7,1.0,0.0005998453529521134
269405965,1,12,1.0,0.000526072741118353
21905129,3,7,3.0,0.0006235745579613768
89887215,1,13,1.0,0.0005903497012272644
89820928,2,5,2.0,0.0025798858418975964
