user_id,degree,louvain_community,weighted_degree,pagerank,ranking_type
939091,88,6,141.0,0.011783327519908711,weighted_degree
967027984426242053,52,6,75.0,0.000526072741118353,weighted_degree
21059255,50,6,62.0,0.000526072741118353,weighted_degree
477012156,48,6,52.0,0.0005320370585862486,weighted_degree
33537967,44,6,50.0,0.0010614800807240451,weighted_degree
20640982,32,6,40.0,0.0006378305174841263,weighted_degree
467726691,30,6,35.0,0.0035516673967499954,weighted_degree
4900058284,34,6,35.0,0.000526072741118353,weighted_degree
800570658929262592,23,6,34.0,0.000629659557504559,weighted_degree
27493883,27,6,30.0,0.0005956910060651893,weighted_degree
939091,88,6,141.0,0.011783327519908711,pagerank
12354832,24,6,25.0,0.008914672876019266,pagerank
30354991,29,6,29.0,0.00708305151547331,pagerank
755057200901398528,17,6,21.0,0.00600557778585392,pagerank
2169559673,6,6,6.0,0.005589490782334434,pagerank
15007149,13,6,13.0,0.005589086864188812,pagerank
150078976,27,6,27.0,0.00424694177651268,pagerank
2502938032,19,6,21.0,0.0038977204291055275,pagerank
40028863,15,6,15.0,0.003826887490719729,pagerank
467726691,30,6,35.0,0.0035516673967499954,pagerank
216776631,42,7,64.0,0.0008581917846018127,weighted_degree
15771723,21,7,23.0,0.0009204212420898582,weighted_degree
521996289,19,7,22.0,0.002118587094493982,weighted_degree
802584787,17,7,22.0,0.0019700646920884656,weighted_degree
4917550806,16,7,21.0,0.0013441107754766945,weighted_degree
76837768,21,7,21.0,0.0023188724766438585,weighted_degree
3141672447,14,7,19.0,0.0009219500017668848,weighted_degree
2918212191,14,7,18.0,0.001611395825476659,weighted_degree
388383447,15,7,18.0,0.002370861297371732,weighted_degree
1198635975251025924,16,7,17.0,0.0008679618301517761,weighted_degree
4771249940,14,7,15.0,0.00411772942285399,pagerank
878403801987727360,5,7,5.0,0.003676985391545267,pagerank
22084427,8,7,8.0,0.003024671815355639,pagerank
435331179,17,7,17.0,0.002998941866712937,pagerank
828444718392627202,9,7,10.0,0.0029971766927813144,pagerank
858136801537556480,11,7,13.0,0.002952785490707119,pagerank
16370091,6,7,6.0,0.002948034979767618,pagerank
313663341,12,7,12.0,0.0029000001673517148,pagerank
28901450,2,7,2.0,0.0026318486559620945,pagerank
534675241,3,7,3.0,0.00255573665231566,pagerank
34860936,20,13,55.0,0.007631706287151474,weighted_degree
839132575310430208,30,13,54.0,0.0025571872096389263,weighted_degree
65497475,27,13,50.0,0.0028469657281145343,weighted_degree
818446043629101056,16,13,47.0,0.0032118820985592095,weighted_degree
1009577803304656896,31,13,43.0,0.0031009214943342324,weighted_degree
3827654235,29,13,41.0,0.001327614768516183,weighted_degree
1073047860260814848,21,13,40.0,0.000526072741118353,weighted_degree
3885806474,26,13,40.0,0.0014466261497542486,weighted_degree
402888514,36,13,39.0,0.003554832423014746,weighted_degree
857472736725155844,13,13,37.0,0.0010788901959352633,weighted_degree
34860936,20,13,55.0,0.007631706287151474,pagerank
1148738277735895040,18,13,24.0,0.007530882949576253,pagerank
862435303881023488,7,13,9.0,0.004316223343754906,pagerank
1164356807776702465,10,13,15.0,0.004306598626927358,pagerank
1230524319102578688,3,13,6.0,0.003961356960002672,pagerank
532774390,1,13,2.0,0.003723115083561422,pagerank
4560567675,12,13,19.0,0.0036473517985944307,pagerank
402888514,36,13,39.0,0.003554832423014746,pagerank
483605396,10,13,11.0,0.0032487588405335013,pagerank
818446043629101056,16,13,47.0,0.0032118820985592095,pagerank
25073877,52,0,158.0,0.000526072741118353,weighted_degree
1505915954,18,0,60.0,0.0022416190968420264,weighted_degree
1083467443647979521,15,0,43.0,0.0016292117404506773,weighted_degree
4872993094,17,0,37.0,0.002378535961358684,weighted_degree
964658316021587970,11,0,30.0,0.0008908049564750314,weighted_degree
11134252,10,0,27.0,0.003018222595223821,weighted_degree
707253890299744256,16,0,26.0,0.0007582281362294775,weighted_degree
1127683471592296448,15,0,24.0,0.0006674865750509399,weighted_degree
814979549503115264,15,0,22.0,0.00189099482788101,weighted_degree
729676086632656900,7,0,21.0,0.0045819180798580585,weighted_degree
729676086632656900,7,0,21.0,0.0045819180798580585,pagerank
11134252,10,0,27.0,0.003018222595223821,pagerank
996859430900727808,2,0,4.0,0.0024824776124045505,pagerank
4872993094,17,0,37.0,0.002378535961358684,pagerank
1505915954,18,0,60.0,0.0022416190968420264,pagerank
25202268,7,0,15.0,0.0021253812875192016,pagerank
822215673812119553,7,0,11.0,0.002114143490617969,pagerank
3353061012,7,0,21.0,0.0021035654758290103,pagerank
714949505720823808,14,0,15.0,0.0019023549419138256,pagerank
814979549503115264,15,0,22.0,0.00189099482788101,pagerank
357606935,49,5,68.0,0.000526072741118353,weighted_degree
2865907814,28,5,42.0,0.0005326510324432379,weighted_degree
216065430,38,5,41.0,0.006458999080484249,weighted_degree
465046121,28,5,28.0,0.0073366005612073605,weighted_degree
326098537,17,5,27.0,0.0006545765502775985,weighted_degree
1099802447973773312,24,5,24.0,0.0009261052707170336,weighted_degree
437171587,19,5,22.0,0.0005873962625233381,weighted_degree
4751330773,19,5,22.0,0.001071246581822893,weighted_degree
50124767,17,5,21.0,0.0008331914779031301,weighted_degree
3345579826,20,5,21.0,0.0013238656515086615,weighted_degree
4071896566,14,5,17.0,0.01259144504540676,pagerank
2314055840,10,5,10.0,0.007674455391549732,pagerank
465046121,28,5,28.0,0.0073366005612073605,pagerank
31058145,5,5,5.0,0.006520966941296156,pagerank
216065430,38,5,41.0,0.006458999080484249,pagerank
234186830,7,5,7.0,0.004472426097438778,pagerank
833490683503722496,13,5,13.0,0.004127060973028062,pagerank
831319111414210560,14,5,15.0,0.0041158670609392975,pagerank
964549422645424128,9,5,10.0,0.0038355563719763347,pagerank
13696,5,5,5.0,0.0033460489603609487,pagerank
2228878592,18,4,43.0,0.000526072741118353,weighted_degree
1139976128456617984,14,4,19.0,0.002137842918010981,weighted_degree
2500055300,10,4,16.0,0.0009040019496899115,weighted_degree
408875175,7,4,12.0,0.0005572813790317599,weighted_degree
1131542859902083072,3,4,10.0,0.000832957680600188,weighted_degree
26637348,8,4,9.0,0.000526072741118353,weighted_degree
1172589774235938816,4,4,8.0,0.000578087137640698,weighted_degree
21258337,3,4,6.0,0.0011469824034550226,weighted_degree
2155027064,5,4,6.0,0.002201997987946641,weighted_degree
292565344,5,4,6.0,0.0016920369718346605,weighted_degree
2155027064,5,4,6.0,0.002201997987946641,pagerank
1139976128456617984,14,4,19.0,0.002137842918010981,pagerank
292565344,5,4,6.0,0.0016920369718346605,pagerank
62986634,6,4,6.0,0.0016609016559070234,pagerank
729874563073445888,3,4,3.0,0.0015846803839844692,pagerank
387980164,2,4,2.0,0.001490973752898837,pagerank
353432348,4,4,5.0,0.0013585409034592814,pagerank
4686170306,1,4,1.0,0.0011633203153999505,pagerank
21258337,3,4,6.0,0.0011469824034550226,pagerank
1332630685,2,4,2.0,0.0009733965512105194,pagerank
236487888,20,1,53.0,0.000526072741118353,weighted_degree
282098746,15,1,33.0,0.0016104606454987157,weighted_degree
631816995,17,1,32.0,0.0009153988555078835,weighted_degree
895332348270661632,22,1,30.0,0.0010044867536839449,weighted_degree
1086976130819809280,17,1,23.0,0.0006821441119087936,weighted_degree
742736402102652929,17,1,21.0,0.0015497700916560098,weighted_degree
865602530574688257,16,1,20.0,0.0010542181692931468,weighted_degree
7744592,8,1,19.0,0.0017653363321530101,weighted_degree
471677441,14,1,17.0,0.0005345128130068845,weighted_degree
2323448533,6,1,10.0,0.0011742241693738153,weighted_degree
15554922,4,1,4.0,0.0025814672818894107,pagerank
212445456,4,1,5.0,0.002071520971618702,pagerank
7744592,8,1,19.0,0.0017653363321530101,pagerank
282098746,15,1,33.0,0.0016104606454987157,pagerank
742736402102652929,17,1,21.0,0.0015497700916560098,pagerank
14247236,8,1,10.0,0.001324628299391271,pagerank
2323448533,6,1,10.0,0.0011742241693738153,pagerank
865602530574688257,16,1,20.0,0.0010542181692931468,pagerank
895332348270661632,22,1,30.0,0.0010044867536839449,pagerank
2501984838,3,1,6.0,0.0009658800294043075,pagerank
134971995,15,9,20.0,0.001042474694894095,weighted_degree
851751855487148032,12,9,15.0,0.0012465158329351017,weighted_degree
27952164,10,9,12.0,0.000617587019145211,weighted_degree
244655353,6,9,7.0,0.000526072741118353,weighted_degree
179732982,6,9,7.0,0.0007292602125285529,weighted_degree
32517688,3,9,6.0,0.0011468232415342353,weighted_degree
49698134,4,9,5.0,0.000815364882492043,weighted_degree
17919393,1,9,4.0,0.0007624159495575262,weighted_degree
136550204,2,9,4.0,0.0010671294931048668,weighted_degree
31403779,3,9,4.0,0.000526072741118353,weighted_degree
851751855487148032,12,9,15.0,0.0012465158329351017,pagerank
32517688,3,9,6.0,0.0011468232415342353,pagerank
136550204,2,9,4.0,0.0010671294931048668,pagerank
134971995,15,9,20.0,0.001042474694894095,pagerank
49698134,4,9,5.0,0.000815364882492043,pagerank
17919393,1,9,4.0,0.0007624159495575262,pagerank
179732982,6,9,7.0,0.0007292602125285529,pagerank
14185317,2,9,3.0,0.0007275544600557965,pagerank
20388490,2,9,2.0,0.000696989495751188,pagerank
27952164,10,9,12.0,0.000617587019145211,pagerank
29270341,5,3,16.0,0.0025236157962026584,weighted_degree
2771588954,5,3,15.0,0.0009917717681086353,weighted_degree
759511663116709888,12,3,12.0,0.0007902469220456715,weighted_degree
1044296977859538944,3,3,7.0,0.0008070310882939595,weighted_degree
366498596,3,3,4.0,0.000526072741118353,weighted_degree
1062510213918449664,3,3,3.0,0.000581458404844396,weighted_degree
2567365058,3,3,3.0,0.000526072741118353,weighted_degree
963790885937995777,2,3,2.0,0.0006742946506724727,weighted_degree
29270341,5,3,16.0,0.0025236157962026584,pagerank
2771588954,5,3,15.0,0.0009917717681086353,pagerank
1044296977859538944,3,3,7.0,0.0008070310882939595,pagerank
759511663116709888,12,3,12.0,0.0007902469220456715,pagerank
963790885937995777,2,3,2.0,0.0006742946506724727,pagerank
1062510213918449664,3,3,3.0,0.000581458404844396,pagerank
366498596,3,3,4.0,0.000526072741118353,pagerank
2567365058,3,3,3.0,0.000526072741118353,pagerank
1159058331320901633,5,12,5.0,0.0009733965512105194,weighted_degree
1036689453895610370,1,12,1.0,0.0007328655757361101,weighted_degree
1018720749929066497,1,12,1.0,0.0007328655757361101,weighted_degree
269405965,1,12,1.0,0.000526072741118353,weighted_degree
1159058331320901633,5,12,5.0,0.0009733965512105194,pagerank
1036689453895610370,1,12,1.0,0.0007328655757361101,pagerank
1018720749929066497,1,12,1.0,0.0007328655757361101,pagerank
269405965,1,12,1.0,0.000526072741118353,pagerank
351120282,2,14,2.0,0.000526072741118353,weighted_degree
22799251,1,14,1.0,0.0007497346461644364,weighted_degree
106711386,1,14,1.0,0.0007497346461644364,weighted_degree
22799251,1,14,1.0,0.0007497346461644364,pagerank
106711386,1,14,1.0,0.0007497346461644364,pagerank
351120282,2,14,2.0,0.000526072741118353,pagerank
1466174058,2,10,3.0,0.0005523645951642884,weighted_degree
30288543,1,10,2.0,0.0009957465053634662,weighted_degree
30288543,1,10,2.0,0.0009957465053634662,pagerank
1466174058,2,10,3.0,0.0005523645951642884,pagerank
72627916,1,11,2.0,0.000526072741118353,weighted_degree
65728343,1,11,2.0,0.0009733965512105194,weighted_degree
65728343,1,11,2.0,0.0009733965512105194,pagerank
72627916,1,11,2.0,0.000526072741118353,pagerank
827934520112472065,1,15,1.0,0.000526072741118353,weighted_degree
93429412,1,15,1.0,0.0009733965512105194,weighted_degree
93429412,1,15,1.0,0.0009733965512105194,pagerank
827934520112472065,1,15,1.0,0.000526072741118353,pagerank
741977462028926976,1,8,1.0,0.000526072741118353,weighted_degree
14344823,1,8,1.0,0.0009733965512105194,weighted_degree
14344823,1,8,1.0,0.0009733965512105194,pagerank
741977462028926976,1,8,1.0,0.000526072741118353,pagerank
19362341,1,2,1.0,0.000526072741118353,weighted_degree
1144598168757293056,1,2,1.0,0.0009733965512105194,weighted_degree
1144598168757293056,1,2,1.0,0.0009733965512105194,pagerank
19362341,1,2,1.0,0.000526072741118353,pagerank
